prcp_lag1,prcp_roll30,target
0.0,100.23333333333333,-0.6050857617874709
0.0,172.73333333333332,-1.1583134161738728
15.0,98.86666666666666,-0.595921182462282
0.0,6.533333333333333,-0.18335886943058424
0.0,12.0625,-0.3385356677305749
0.0,161.9375,-1.0859188276630058
0.0,5.666666666666667,-0.03799947525078318
0.0,25.533333333333335,-0.1712211649535289
0.0,0.0,0.0
0.0,10.157894736842104,-0.2850826675625894
46.0,111.45833333333333,-0.49259613872890246
0.0,0.0,0.0
0.0,86.96666666666667,-0.5831801819370195
20.0,60.733333333333334,0.7863656113662071
0.0,0.0,0.0
109.0,24.125,-0.6770713354611498
13.0,7.433333333333334,0.01721152702535473
0.0,25.533333333333335,-0.1712211649535289
0.0,10.722222222222221,-0.30092059353828876
0.0,122.9,-0.8241415602919857
0.0,7.433333333333334,-0.049846370476027343
0.0,12.866666666666667,-0.3611047122459466
0.0,0.0,0.0
0.0,122.0,-0.8181063495168612
0.0,9.65,-0.2708285341844599
48.0,102.5,-0.6873434493891663
0.0,123.38095238095238,-0.8273667258384807
1194.0,137.36666666666667,2.5725644744780207
0.0,1.6666666666666667,-0.011176316250230346
0.0,18.7,-0.12539826832758447
216.0,25.8,0.33663064545693805
0.0,7.433333333333334,-0.049846370476027343
0.0,25.533333333333335,-0.1712211649535289
0.0,5.666666666666667,-0.03799947525078318
0.0,91.0,-0.6102268672625769
0.0,102.03333333333333,-0.6842140808391017
0.0,0.0,0.0
0.0,125.26666666666667,-0.8400119293673127
0.0,0.0,0.0
0.0,0.0,0.0
0.0,70.9,2.4684012070258743
0.0,56.266666666666666,-0.37731243660777647
152.0,87.86666666666666,0.021011474550433094
0.0,0.0,0.0
0.0,0.0,0.0
8.0,27.571428571428573,2.2853036933403725
345.0,89.76666666666667,-0.6019563932374064
0.0,23.0,-0.15423316425317876
0.0,108.26666666666667,-0.7260135036149632
76.0,15.4,0.5270750743608631
0.0,89.76666666666667,-0.6019563932374064
0.0,0.0,0.0
8.0,102.03333333333333,-0.6842140808391017
0.0,100.43333333333334,-0.6734848172388807
0.0,5.666666666666667,-0.03799947525078318
38.0,98.53333333333333,-0.5601569704615449
25.0,1.6666666666666667,-0.011176316250230346
0.0,0.0,0.0
0.0,5.666666666666667,-0.03799947525078318
0.0,0.0,0.0
0.0,14.9,-0.0999162672770593
0.0,6.666666666666667,0.9611631975198097
76.0,25.533333333333335,-0.1712211649535289
0.0,1.6666666666666667,-0.011176316250230346
0.0,25.533333333333335,-0.1712211649535289
94.0,8.2,-0.05498747595113329
0.0,68.2,-0.45733486095942577
0.0,6.758620689655173,-0.18968158906612165
0.0,7.766666666666667,-0.05208163372607341
0.0,1.6666666666666667,-0.011176316250230346
0.0,0.0,0.0
0.0,15.066666666666666,0.08672821410178748
0.0,9.0,3.45201136836151
0.0,13.966666666666667,-0.09365753017693029
0.0,117.77272727272727,-0.789759147391277
0.0,16.083333333333332,-0.45138089030743317
0.0,25.533333333333335,-0.1712211649535289
0.0,0.0,0.0
152.0,100.03333333333333,-0.5702156550867522
0.0,56.266666666666666,-0.37731243660777647
51.0,96.26666666666667,0.20609127165424757
0.0,5.666666666666667,-0.03799947525078318
391.0,264.5,1.6999177016600355
0.0,14.9,-0.0999162672770593
0.0,7.433333333333334,-0.049846370476027343
0.0,0.0,0.0
0.0,122.9,-0.8241415602919857
221.0,78.26666666666667,-0.524839811110817
0.0,0.0,0.0
0.0,62.266666666666666,-0.4175471751086057
0.0,0.0,0.0
71.0,72.1,-0.4834874409849647
0.0,0.0,0.0
1270.0,98.03333333333333,-0.40257091133329703
0.0,0.0,0.0
0.0,0.0,0.0
0.0,88.23333333333333,-0.5916741822871945
28.0,18.966666666666665,0.724448819339931
762.0,96.76666666666667,7.867456061187149
0.0,5.666666666666667,-0.03799947525078318
0.0,0.0,0.0
18.0,4.6,-0.12909961215010524
508.0,88.13333333333334,-0.5239457058107987
0.0,92.7,-0.2796314325807633
0.0,102.03333333333333,-0.6842140808391017
41.0,101.76666666666667,-0.427605859733813
0.0,0.0,0.0
0.0,7.538461538461538,-0.21156792626605875
0.0,5.666666666666667,-0.03799947525078318
0.0,0.0,0.0
0.0,5.666666666666667,-0.03799947525078318
0.0,102.03333333333333,-0.6842140808391017
0.0,0.0,0.0
0.0,102.03333333333333,-0.6842140808391017
0.0,1.6666666666666667,-0.011176316250230346
0.0,14.0,-0.16839079845665902
185.0,140.9,-0.9448457757944735
0.0,102.5,-0.3654655413825323
0.0,5.666666666666667,-0.03799947525078318
0.0,25.533333333333335,-0.1712211649535289
0.0,98.73333333333333,-0.6620849746636457
0.0,13.785714285714286,-0.3868979059777999
0.0,9.733333333333333,-0.06526968690134521
0.0,100.9,-0.6766141857889452
0.0,7.766666666666667,-0.05208163372607341
0.0,7.766666666666667,-0.05208163372607341
0.0,25.533333333333335,-0.1712211649535289
0.0,5.666666666666667,-0.03799947525078318
0.0,5.666666666666667,-0.03799947525078318
0.0,0.0,0.0
439.0,78.26666666666667,0.9571397236697269
0.0,17.933333333333334,-0.12025716285247852
8.0,99.13333333333334,-0.664767290563701
0.0,0.0,0.0
0.0,14.633333333333333,-0.09812805667702243
0.0,0.0,0.0
0.0,100.43333333333334,-0.6734848172388807
0.0,91.0,-0.6102268672625769
0.0,0.0,0.0
178.0,235.54545454545453,-0.3724761397576767
0.0,140.56666666666666,-0.9426105125444273
0.0,0.0,0.0
0.0,126.20689655172414,-0.8463169132933048
0.0,5.666666666666667,-0.03799947525078318
0.0,122.9,-0.8241415602919857
0.0,100.43333333333334,-0.6734848172388807
127.0,18.7,-0.12539826832758447
20.0,10.266666666666667,-0.288135366248061
0.0,18.7,-0.12539826832758447
0.0,89.76666666666667,1.7115410705602752
0.0,0.0,0.0
0.0,7.433333333333334,-0.049846370476027343
0.0,25.533333333333335,-0.1712211649535289
0.0,3.1333333333333333,-0.02101147455043305
0.0,11.352941176470589,-0.31862180492289405
0.0,7.2592592592592595,-0.20373207714509362
0.0,130.71428571428572,-0.8765425173394943
127.0,60.6,4.703440930746939
0.0,17.545454545454547,-0.49241551669901806
18.0,228.28571428571428,1.0911277893439169
0.0,91.0,-0.6102268672625769
0.0,5.666666666666667,-0.03799947525078318
0.0,25.533333333333335,-0.1712211649535289
0.0,7.766666666666667,-0.05208163372607341
0.0,0.0,0.0
0.0,6.266666666666667,-0.17587483394362163
