Temperature,RH,Ws,Rain,FFMC,DMC,DC,ISI,BUI,FWI,target
31,83,17,0.0,84.5,19.4,33.1,4.7,19.2,7.3,1
40,41,10,0.1,92.0,22.6,65.1,9.5,24.2,14.8,1
24,64,15,0.2,67.3,3.8,16.5,1.2,4.8,0.5,0
32,47,13,0.3,79.9,18.4,84.4,2.2,23.8,3.9,0
39,39,15,0.2,89.3,15.8,35.4,8.2,15.8,10.7,1
30,78,14,0.0,81.0,6.3,31.6,2.6,8.4,2.2,1
25,76,17,7.2,46.0,1.3,7.5,0.2,1.8,0.1,0
33,66,14,0.0,85.9,7.6,27.9,4.8,9.1,4.9,1
33,50,14,0.0,88.7,22.9,92.8,7.2,28.3,12.9,1
22,86,15,10.1,30.5,0.7,7.0,0.0,1.1,0.0,0
29,65,19,0.6,68.3,5.5,15.2,1.5,5.8,0.7,0
36,45,14,0.0,78.8,4.8,10.2,2.0,4.7,0.9,0
33,63,17,1.1,72.8,20.9,56.6,1.6,21.7,2.5,0
37,56,11,0.0,87.4,11.2,20.2,5.2,11.0,5.9,1
36,48,13,0.0,90.3,22.2,108.5,8.7,29.4,15.3,1
31,65,14,0.0,84.5,12.5,54.3,4.0,15.8,5.6,1
34,64,16,0.0,89.4,50.2,210.4,7.3,62.9,19.9,1
31,55,11,0.0,87.8,16.5,57.9,5.4,19.2,8.3,1
35,55,14,0.0,88.9,18.6,67.0,7.4,21.9,11.6,1
33,54,13,0.0,88.2,9.9,30.5,6.4,10.9,7.2,1
32,47,14,0.7,77.5,7.1,8.8,1.8,6.8,0.9,0
26,81,21,5.8,48.6,3.0,7.7,0.4,3.0,0.1,0
29,61,13,1.3,64.4,4.1,7.6,1.0,3.9,0.4,0
29,41,8,0.1,83.9,24.9,86.0,2.7,28.9,5.6,1
29,80,14,2.0,48.7,2.2,7.6,0.3,2.6,0.1,0
37,40,13,0.0,91.9,22.3,55.5,10.8,22.3,15.7,1
35,68,19,0.0,88.3,25.9,130.6,8.8,34.7,16.8,1
30,73,17,0.9,62.0,2.6,8.4,1.1,3.0,0.4,0
33,82,21,0.0,84.9,47.0,200.2,4.4,59.3,13.2,1
32,76,20,0.7,63.1,2.6,9.2,1.3,3.0,0.5,0
31,67,17,0.1,79.1,7.0,39.5,2.4,9.7,2.3,0
31,54,11,0.0,82.0,6.0,16.3,2.5,6.2,1.7,0
32,60,18,0.3,77.1,11.3,47.0,2.2,14.1,2.6,0
34,42,17,0.1,88.3,23.6,52.5,19.0,23.5,12.6,1
34,58,13,0.2,79.5,18.7,88.0,2.1,24.4,3.8,0
30,78,20,0.5,59.0,4.6,7.8,1.0,4.4,0.4,0
34,45,17,0.0,90.5,18.0,24.1,10.9,17.7,14.1,1
39,33,17,0.0,93.7,17.1,32.1,17.2,16.9,19.5,1
35,58,10,0.2,78.3,10.8,19.7,1.6,10.7,1.0,0
31,72,14,0.2,60.2,3.8,8.0,0.8,3.7,0.3,0
38,35,15,0.0,93.8,23.0,42.7,15.7,22.9,20.9,1
30,89,16,0.6,37.3,1.1,7.8,0.0,1.6,0.0,0
30,41,15,0.0,89.4,13.3,22.5,8.4,13.1,10.0,1
36,33,13,0.1,90.6,25.8,77.8,9.0,28.2,15.4,1
31,68,14,0.0,85.4,12.1,43.1,4.6,14.2,6.0,1
29,57,18,0.0,65.7,3.4,7.6,1.3,3.4,0.5,0
39,43,12,0.0,91.7,16.5,30.9,9.6,16.4,12.7,1
30,65,14,0.0,85.4,16.0,44.5,4.5,16.9,6.5,1
26,81,19,0.0,84.0,13.8,61.4,4.8,17.7,7.1,1
33,46,14,1.1,78.3,8.1,8.3,1.9,7.7,1.2,0
32,63,14,0.0,87.0,10.9,37.0,5.6,12.5,6.8,1
31,75,13,0.1,75.1,7.9,27.7,1.5,9.2,0.9,0
36,71,15,0.0,86.0,36.9,117.1,5.1,41.3,12.2,1
37,37,13,0.0,92.5,27.2,52.4,11.7,27.1,18.4,1
28,70,15,0.0,79.9,13.8,36.1,2.4,14.1,3.0,0
29,88,13,0.0,71.0,2.6,16.6,1.2,3.7,0.5,0
28,78,16,0.1,70.0,9.6,79.7,1.4,14.7,1.3,0
35,44,17,0.2,85.6,9.9,28.9,5.4,10.7,6.0,1
36,44,13,0.0,90.1,12.6,19.4,8.3,12.5,9.6,1
22,76,26,8.3,47.4,1.1,7.0,0.4,1.6,0.1,0
27,77,16,0.0,64.8,3.0,14.2,1.2,3.9,0.5,0
31,65,18,0.0,84.3,12.5,88.7,4.8,18.5,7.3,1
37,55,15,0.0,89.3,28.3,67.2,8.3,28.3,14.5,1
35,62,19,0.0,89.4,23.2,120.9,9.7,31.3,17.2,1
38,43,13,0.5,85.0,13.0,35.4,4.1,13.7,5.2,1
35,60,15,0.0,88.9,43.9,181.3,8.2,54.7,20.3,1
39,64,9,1.2,73.8,11.7,15.9,1.1,11.4,0.7,0
32,48,18,0.0,91.5,44.2,90.1,13.2,44.0,25.4,1
35,64,17,0.0,87.2,31.9,145.7,6.8,41.2,15.7,1
34,40,18,0.0,92.1,56.3,157.5,14.3,59.5,31.1,1
29,87,15,0.4,47.4,4.2,8.0,0.2,4.1,0.1,0
28,80,21,16.8,52.5,8.7,8.7,0.6,8.3,0.3,0
31,69,17,4.7,62.2,3.9,8.0,1.1,3.8,0.4,0
33,66,14,0.0,87.0,21.7,94.7,5.7,27.2,10.6,1
35,56,14,0.0,89.0,29.4,115.6,7.5,36.0,15.2,1
33,37,16,0.0,92.2,61.3,167.2,13.1,64.0,30.3,1
36,54,14,0.0,91.0,65.9,177.3,10.0,68.0,26.1,1
28,75,16,0.0,82.2,4.4,24.3,3.3,6.0,2.5,1
32,73,15,0.0,86.6,26.7,127.0,5.6,35.0,11.9,1
28,67,19,0.0,75.4,2.9,16.3,2.0,4.0,0.8,0
32,51,13,0.0,88.7,16.0,50.2,6.9,17.8,9.8,1
34,65,13,0.0,86.8,11.1,29.7,5.2,11.5,6.1,1
35,64,18,0.2,80.0,9.7,40.4,2.8,12.1,3.2,0
34,61,13,0.6,73.9,7.8,22.9,1.4,8.4,0.8,0
32,75,14,0.0,86.4,13.0,39.1,5.2,14.2,6.8,1
31,78,18,0.0,85.8,45.6,190.6,4.7,57.1,13.7,1
28,87,15,4.4,41.1,6.5,8.0,0.1,6.2,0.0,0
33,76,15,0.0,86.5,24.4,117.8,5.6,32.1,11.3,1
35,59,17,0.0,87.4,14.8,57.0,6.9,17.9,9.9,1
34,51,16,3.8,77.5,8.0,9.5,2.0,7.7,1.3,0
30,58,12,4.1,66.1,4.0,8.4,1.0,3.9,0.4,0
31,50,19,0.6,77.8,10.6,41.4,2.4,12.9,2.8,0
28,90,15,0.0,66.8,7.2,14.7,1.2,7.1,0.6,0
31,64,15,0.0,86.7,14.2,63.8,5.7,18.3,8.4,1
35,34,17,0.0,92.2,23.6,97.3,13.8,29.4,21.6,1
36,55,15,0.0,89.1,20.9,43.3,8.0,20.8,12.0,1
33,70,17,0.0,85.4,18.5,71.5,5.2,22.4,8.8,1
34,42,15,1.7,79.7,12.0,8.5,2.2,11.5,2.2,0
34,49,15,0.0,89.2,24.8,159.1,8.1,35.7,16.0,1
32,60,14,0.2,77.1,6.0,17.6,1.8,6.5,0.9,0
27,58,17,0.0,88.9,21.3,37.8,8.7,21.2,12.9,1
34,81,15,0.0,81.8,9.7,37.2,3.0,11.7,3.4,0
36,58,19,0.0,88.6,29.6,141.1,9.2,38.8,18.4,1
30,59,19,0.0,89.1,27.8,168.2,9.8,39.3,19.4,1
26,82,22,13.1,47.1,2.5,7.1,0.3,2.7,0.1,0
40,34,14,0.0,93.3,10.8,21.4,13.8,10.6,13.5,1
34,71,14,6.5,64.5,3.3,9.1,1.0,3.5,0.4,0
36,29,18,0.0,93.9,39.6,80.6,18.5,39.5,30.0,1
25,89,13,2.5,28.6,1.3,6.9,0.0,1.7,0.0,0
31,79,15,0.0,85.4,28.5,136.0,4.7,37.4,10.7,1
28,81,15,0.0,84.6,12.6,41.5,4.3,14.3,5.7,1
35,48,18,0.0,90.1,54.2,220.4,12.5,67.4,30.2,1
40,31,15,0.0,94.2,22.5,46.3,16.6,22.4,21.6,1
37,53,14,0.0,89.5,41.1,127.5,8.0,45.5,18.1,1
32,66,17,0.0,85.9,11.2,55.8,5.6,14.9,7.5,1
34,64,14,0.0,88.9,40.5,171.3,9.0,50.9,20.9,1
33,48,16,0.0,87.6,7.9,17.8,6.8,7.8,6.4,1
30,88,14,0.0,82.5,6.6,26.1,3.0,8.1,2.7,1
36,62,16,0.0,87.8,16.5,34.5,7.0,16.4,9.5,1
31,64,18,0.0,86.8,17.8,71.8,6.7,21.6,10.6,1
37,52,18,0.0,89.3,16.0,100.7,9.7,22.9,14.6,1
32,81,17,0.0,84.6,21.1,42.3,4.7,20.9,7.7,1
36,55,18,0.0,89.1,33.5,151.3,9.9,43.1,20.4,1
36,81,15,0.0,83.7,34.4,107.0,3.8,38.1,9.0,1
33,76,14,0.0,81.1,8.1,18.7,2.6,8.1,2.2,0
29,68,19,1.0,59.9,2.5,8.6,1.1,2.9,0.4,0
35,54,11,0.1,83.7,8.4,26.3,3.1,9.3,3.1,1
31,71,17,0.3,69.6,3.2,30.1,1.5,5.1,0.6,0
32,54,11,0.5,73.7,7.9,30.4,1.2,9.6,0.7,0
29,87,18,0.0,80.0,11.8,28.3,2.8,11.8,3.2,0
29,73,17,0.1,68.4,1.9,15.7,1.4,2.9,0.5,0
37,37,14,0.0,94.3,35.9,86.8,16.0,35.9,26.3,1
29,49,19,0.0,88.6,11.5,33.4,9.1,12.4,10.3,1
28,58,18,2.2,63.7,3.2,8.5,1.2,3.3,0.5,0
32,55,14,0.0,86.2,8.3,18.4,5.0,8.2,4.9,1
28,79,18,0.1,73.4,16.4,79.9,1.8,21.7,2.8,0
