ACRES,LATITUDE,LONGITUDE,YEAR,target
1577.0,34.6128397,-110.80568394,2023,1
1099.0,42.70254052,-114.12887893,1998,1
26656.0,33.55619,-108.39990046,2023,1
6970.0,45.00636427,-111.83017971,2018,1
999.0,42.5943028,-111.54305499,2018,1
1285.0,28.11282992,-81.18946305,1992,0
1469.0,30.29674943,-84.85194849,1993,0
574.0,34.48399193,-93.87919095,2003,0
1135.0,48.29801804,-95.47441261,2004,1
574.0,30.88140722,-82.60311134,1999,1
1730.0,43.41833474,-115.1696658,2004,0
614.0,30.45902243,-88.82024732,1990,0
1134.0,32.15770679,-104.67736217,1989,1
3045.0,31.07422355,-94.20165663,2018,0
2272.0,65.34307707,-164.93577685,2004,1
83375.0,37.57276872,-120.11427759,2017,1
963.0,29.96090109,-85.00683299,2017,0
2007.0,38.85352827,-85.43873271,2004,0
510.0,45.46322271,-96.27240314,2002,0
552.0,29.05371854,-81.53851002,2024,0
522.0,31.70643829,-92.53545867,2023,0
32110.0,41.89245682,-114.37807983,2000,1
1823.0,32.27742597,-105.87990466,1989,0
3744.0,45.55872651,-105.15714027,1999,1
2432.0,40.12367945,-112.61266712,2017,1
2661.0,32.58788671,-80.56448764,2004,0
22471.0,40.53517153,-118.11599224,1999,1
2330.0,29.12322248,-81.43750019,2017,0
4248.0,35.79296904,-96.21810579,2017,1
1786.0,43.54595805,-116.02930521,1996,1
2173.0,45.41467554,-116.527351,2017,1
1015.0,40.17263843,-115.88080154,1985,1
2075.0,34.72710816,-98.55517653,2024,0
1543.0,41.55108036,-112.28553186,2003,1
2511.0,35.68109,-93.32661967,2024,0
3317.0,46.5805201,-114.78410884,2003,1
2406.0,31.12070615,-89.08899409,2001,1
986.0,30.6709443,-89.10538216,2019,0
1498.0,33.41860891,-100.5116673,2024,1
1805.0,31.00930141,-92.93080978,2017,0
10818.0,40.24497827,-119.67687633,1998,1
1174.0,34.788852,-119.65516451,1997,1
3167.0,47.15863554,-113.12104658,2000,1
5442.0,28.10691388,-81.04229556,1986,0
1497.0,38.98679878,-122.65366164,1992,1
3204.0,65.25882444,-146.93784917,1990,1
1716.0,40.78192238,-117.20508115,2019,1
3160.0,41.00568276,-104.66719551,2004,1
3014.0,38.75296467,-122.57136148,2000,1
5804.0,31.04197963,-88.92260055,2018,0
3586.0,33.22238415,-88.94705895,2002,0
1178.0,35.93072438,-118.92470972,2002,1
2187.0,35.68880552,-120.21226689,2002,1
1275.0,43.12303855,-112.10256591,1999,1
3555.0,45.44993275,-116.14457659,2001,1
3031.0,33.5059329,-100.64870829,2001,1
727.0,34.2348112,-87.21834123,2023,0
2119.0,39.7697367,-74.77827249,1996,0
1853.0,46.27099805,-114.29973435,1985,1
2828.0,41.7761928,-100.3349953,2024,0
2473.0,42.45606071,-117.23259075,2019,1
45315.0,65.45374594,-143.41319984,1986,1
2458.0,34.70110882,-117.07489935,1984,1
1573.0,32.15800978,-101.14863901,1992,1
605.0,37.46079415,-88.50110028,2024,0
4163.0,36.22633477,-112.11894583,1999,0
7230.0,30.01163775,-84.76554035,2017,0
2016.0,33.61928338,-104.8959213,1999,1
5006.0,30.25765636,-84.87631124,2018,0
1014.0,33.45969133,-85.83183232,2018,0
5360.0,37.44188296,-114.59379417,1996,1
11467.0,35.59290515,-109.1815092,2025,1
1050.0,43.26199059,-115.72829572,2019,1
5673.0,33.79403078,-109.81173627,2017,0
1482.0,31.08077881,-86.62969523,2018,0
1471.0,30.18914546,-85.05952282,2001,0
578.0,36.59170217,-93.79992503,2024,0
12773.0,37.44724347,-119.61233018,2017,1
1242.0,30.01900369,-84.99820416,1997,0
1961.0,39.63701555,-118.50757599,2023,0
1094.0,25.98572145,-80.36516292,1985,0
1007.0,30.9343882,-93.15610143,2023,0
1110.0,35.22381355,-93.47346614,2017,0
1851.0,37.28725824,-83.7306244,1991,1
518.0,37.62305529,-81.20641599,2001,1
541.0,36.44881282,-94.02969861,2004,1
1007.0,37.23508658,-119.46737,2017,1
552.0,33.69404742,-87.21270972,1999,1
1008.0,29.35969796,-83.04590517,2019,0
2819.0,39.61777743,-112.07436527,2000,1
1200.0,39.58753591,-112.274109,1999,1
1177.0,27.07012785,-81.23992037,2004,0
26170.0,35.35411259,-101.71369273,2017,1
651.0,32.43963679,-89.67817103,2024,0
6211.0,30.5805454,-82.3419072,1993,1
1304.0,40.98138404,-119.52458175,1985,1
11750.0,44.69540792,-121.87577609,2017,1
2466.0,43.80841818,-116.46465562,2001,1
699.0,41.388491,-88.03921942,2019,0
1186.0,33.34787889,-83.45044052,2023,0
1234.0,33.24680338,-112.14795177,1992,1
528.0,26.99885357,-82.32704954,2004,0
1214.0,44.06215823,-99.79525996,2000,1
4487.0,31.1576967,-98.99733363,2003,1
3604.0,42.37395424,-115.50404079,1991,1
7346.0,35.73853937,-93.72945111,2019,0
10027.0,36.12540496,-92.46570467,2004,1
4495.0,47.82231878,-119.9393783,2004,1
2582.0,37.36674789,-106.75108225,2023,1
1620.0,38.39327685,-108.48683017,2002,1
1931.0,46.12755121,-114.96282253,1998,1
815.0,30.44481849,-89.35904106,2024,1
1038.0,34.71426826,-83.31636386,2019,0
1265.0,28.33561895,-96.43363672,1999,0
1644.0,48.38291113,-96.01622244,2003,0
3442.0,67.80561311,-142.27824686,2003,1
1881.0,35.63842698,-94.31905113,2023,0
2227.0,45.68193713,-106.09805863,1989,1
10333.0,33.11545474,-99.36466968,1997,1
1974.0,37.63854841,-80.00618606,1986,1
27838.0,44.61815595,-119.9985465,2024,1
606.0,26.80910531,-81.97921779,1986,0
1277.0,31.48397944,-93.09508565,2024,0
3061.0,38.59818802,-119.54755008,2004,1
11663.0,45.5799237,-121.34257929,2002,1
1369.0,37.89379258,-82.52703159,1999,1
2261.0,62.77481413,-141.05538628,1991,1
1445.0,35.47310108,-102.08188694,1998,1
1859.0,42.29023403,-100.22320999,2001,1
6782.0,30.12331292,-84.96243192,2024,0
23683.0,48.41648308,-113.56241556,2003,1
1162.0,34.78878053,-101.98845567,1993,1
55094.0,41.75496853,-114.26638796,2017,1
3032.0,42.62197975,-120.53079235,2001,1
2124.0,40.84585209,-105.57460675,2018,0
906.0,27.07730952,-82.29820277,1999,1
6592.0,40.38364474,-122.09478603,1999,1
1350.0,40.09038247,-108.45201721,2001,1
1191.0,48.0397412,-95.84074578,1992,1
3480.0,44.42352255,-83.74829237,2018,0
616.0,35.8705367,-85.1513066,2003,0
6316.0,45.88535036,-106.25458307,2017,1
2690.0,43.08392972,-102.84987766,1984,1
44971.0,34.15960055,-117.06572992,2024,1
3656.0,43.74848472,-107.94667149,2018,1
12599.0,42.41316463,-115.56821818,1986,1
4524.0,36.08361507,-100.15466856,1991,1
17538.0,45.46570719,-116.50151585,1996,1
4384.0,34.42601106,-94.00482813,2023,0
756.0,30.06497462,-85.06785253,2017,0
5076.0,27.90320767,-81.18950028,1992,0
1140.0,34.53266789,-80.18109809,2002,0
5578.0,46.49706675,-120.29067276,1996,1
1836.0,31.57324816,-88.89403134,2019,0
12507.0,26.85864086,-81.92011008,1999,0
628.0,34.58352134,-80.19233716,1990,0
1198.0,34.45884263,-118.27745907,2002,1
1408.0,25.86968686,-81.08557999,1999,0
1337.0,37.76498654,-96.91625629,1996,1
67244.0,45.38089379,-115.7618006,2000,1
7100.0,31.00062785,-92.83362958,2023,1
2120.0,42.79343845,-119.52370792,1985,1
3481.0,47.58753599,-107.79838995,2003,1
3155.0,46.45563514,-119.4953379,1992,1
19047.0,34.55839009,-118.48233161,2002,1
576.0,28.25787492,-81.13875722,1999,0
