i15_mm/h,i30_mm/h,i60_mm/h,TotalRainfall_mm,AverageIntensity_mm/h,i15RainfallAnomaly,i30RainfallAnomaly,i60RainfallAnomaly,Area_km2,Relief_m,MeanElevation_m,MeanSlope_degrees,Ruggedness,DrainageDensity,MeandNBR,FractionBurned,FractionModHigh,AreaModHigh_km2,2ModHigh1Low_km2,4ModHigh1Low_km2,TimeSinceFire_yr,target
60,40,28,44,26,1.62,1.54,1.47,7.25,1273,2168,34.4,0.47,7.51,505,0.97,0.83,6.01,13.08,25.11,2.12,11.546369912189585
64,49,33,33,41,1.23,1.4,1.5,0.14,332,1283,28.8,0.89,5.13,677,1.0,1.0,0.14,0.28,0.56,0.21,5.198497031265826
64,49,33,33,41,1.23,1.4,1.5,0.06,244,1202,33.4,1.02,5.34,674,1.0,1.0,0.06,0.11,0.23,0.21,4.948759890378168
64,49,33,33,41,1.23,1.4,1.5,0.62,535,1321,30.8,0.68,5.03,660,1.0,1.0,0.62,1.24,2.48,0.21,6.523562306149512
76,46,23,29,4,1.91,1.76,1.66,0.27,405,2807,18.9,0.78,8.98,691,1.0,0.95,0.26,0.53,1.04,2.93,5.303304908059076
76,46,23,29,4,1.91,1.76,1.66,0.1,373,2765,17.5,1.2,10.54,752,0.99,0.99,0.1,0.19,0.38,2.93,4.2626798770413155
38,20,13,26,2,1.06,0.86,0.83,0.01,232,2349,39.4,2.05,1.72,632,1.0,1.0,0.01,0.03,0.05,1.9,2.3978952727983707
32,17,9,10,8,0.9,0.77,0.64,9.69,899,2908,19.4,0.29,7.95,630,0.97,0.74,7.17,16.59,30.93,0.93,8.381373468273702
32,17,9,10,8,0.9,0.77,0.64,1.95,711,2763,23.1,0.51,9.03,562,0.98,0.81,1.58,3.48,6.64,0.93,8.501063809486354
38,20,13,26,2,1.06,0.86,0.83,0.11,381,2468,33.7,1.16,6.15,620,0.99,0.95,0.1,0.21,0.41,1.9,3.4339872044851463
38,20,13,26,2,1.06,0.86,0.83,0.06,334,2448,31.1,1.34,10.61,569,1.0,0.97,0.06,0.12,0.24,1.9,5.017279836814924
16,8,4,5,1,0.49,0.39,0.32,0.27,256,2969,16.6,0.49,8.15,466,1.0,0.74,0.2,0.48,0.88,0.96,6.236369590203704
16,8,4,5,1,0.49,0.39,0.32,0.11,256,2953,20.6,0.79,7.16,492,0.98,0.88,0.09,0.2,0.38,0.96,5.3981627015177525
16,8,4,5,1,0.49,0.39,0.32,0.14,279,3000,14.1,0.75,7.54,540,1.0,0.82,0.11,0.26,0.48,0.96,4.795790545596741
16,8,4,5,1,0.49,0.39,0.32,0.35,332,2960,17.4,0.56,9.91,569,1.0,0.95,0.34,0.69,1.36,0.96,6.089044875446846
18,16,10,10,17,0.55,0.77,0.76,0.71,314,2957,13.7,0.37,8.32,564,1.0,0.82,0.58,1.29,2.46,0.96,8.45553053102413
52,33,18,21,14,1.44,1.43,1.2,17.3,1204,2950,17.7,0.29,7.66,511,0.88,0.63,10.96,26.16,48.08,0.93,11.373674891823535
18,16,10,10,17,0.55,0.77,0.76,0.75,625,2906,15.1,0.72,6.71,434,0.98,0.52,0.39,1.12,1.89,2.96,9.467614782006539
12,10,9,11,9,0.48,0.59,0.75,0.36,394,389,31.6,0.66,6.65,233,0.98,0.85,0.3,0.66,1.26,0.17,6.09807428216624
12,10,9,11,9,0.48,0.59,0.75,0.3,356,434,23.9,0.65,5.46,293,1.0,0.93,0.28,0.58,1.13,0.17,5.950642552587727
20,14,8,8,9,0.84,0.86,0.79,0.06,480,2237,35.6,1.9,7.55,250,1.0,0.83,0.05,0.12,0.23,0.16,5.472270673671475
20,14,8,8,9,0.84,0.86,0.79,0.06,540,2246,31.2,2.16,12.62,229,0.97,0.71,0.04,0.1,0.19,0.16,5.786897381366708
20,14,8,8,9,0.84,0.86,0.79,0.04,375,2133,37.2,1.8,8.83,263,0.96,0.75,0.03,0.07,0.14,0.16,6.354370040797351
46,33,17,17,17,1.99,2.17,1.7,2.08,727,2112,25.4,0.5,6.64,194,0.99,0.9,1.87,3.94,7.67,0.16,7.23561914106675
46,33,17,17,17,2.08,2.17,1.7,0.2,513,2079,37.1,1.13,6.25,326,0.99,0.9,0.18,0.39,0.75,0.16,5.652489180268651
46,33,17,17,17,1.99,2.17,1.7,0.15,483,2155,43.8,1.26,7.4,183,0.38,0.26,0.04,0.1,0.17,0.16,5.552959584921617
28,24,16,18,10,1.56,2.0,2.0,4.79,822,1264,22.8,0.38,6.59,325,0.97,0.48,2.3,6.94,11.54,1.94,8.503702601233739
28,24,16,18,10,1.56,1.85,2.0,4.14,977,1251,22.0,0.48,6.94,583,1.0,0.9,3.72,7.85,15.29,1.94,9.237663667625073
17,15,15,259,5,0.44,0.58,0.83,4.17,1289,1532,29.6,0.63,6.9,410,1.0,0.85,3.56,7.72,14.83,0.28,7.623153068476902
39,27,16,33,2,1.0,1.04,0.89,4.17,1289,1532,29.6,0.63,6.9,410,1.0,0.85,3.56,7.72,14.83,0.92,9.499795870977106
60,40,28,44,26,1.62,1.54,1.47,3.49,1142,1951,35.5,0.61,6.17,538,1.0,0.95,3.3,6.78,13.39,2.02,11.225256725762893
79,48,30,107,10,2.82,2.4,2.0,3.49,1142,1951,35.5,0.61,6.17,538,1.0,0.95,3.3,6.78,13.39,2.96,9.7524902289842
27,24,14,15,7,0.42,0.56,0.52,4.31,1214,2368,31.4,0.58,7.22,238,0.38,0.18,0.8,2.44,4.03,0.14,9.210440366976517
77,54,31,35,15,2.96,3.18,2.82,0.17,539,2750,42.2,1.3,9.42,135,0.53,0.08,0.01,0.1,0.13,0.97,6.86171134048073
77,54,31,35,15,2.96,3.18,2.82,0.09,554,2744,44.6,1.85,7.25,360,0.96,0.44,0.04,0.12,0.2,0.97,8.08394570229562
77,54,31,35,15,2.96,3.18,2.82,0.65,825,2760,27.9,1.02,6.72,462,0.92,0.6,0.39,0.99,1.77,0.97,10.284455029043892
77,54,31,35,15,2.96,3.18,2.82,0.18,809,2673,27.2,1.91,9.87,566,1.0,0.87,0.16,0.34,0.65,0.97,8.849944227235596
77,54,31,35,15,2.96,3.18,2.82,0.13,860,2615,39.7,2.36,10.5,447,1.0,0.69,0.09,0.22,0.41,0.97,7.474204806496124
77,54,31,35,15,2.96,3.18,2.82,0.2,851,2539,40.5,1.89,9.25,626,0.97,0.79,0.16,0.36,0.68,0.97,7.224753405767971
77,54,31,35,15,2.96,3.18,2.82,0.53,721,2441,35.8,0.99,9.57,811,1.0,0.94,0.5,1.03,2.03,0.97,9.468851067127684
77,54,31,35,15,2.96,3.18,2.82,0.08,566,2361,42.0,1.95,7.94,551,0.99,0.63,0.05,0.14,0.24,0.97,6.171700597410915
77,54,31,35,15,2.96,3.18,2.82,0.07,514,2274,50.6,1.93,4.57,351,0.92,0.34,0.02,0.09,0.14,0.97,6.7661917146603505
77,54,31,35,15,2.96,3.18,2.82,0.07,418,2079,41.4,1.55,6.03,549,0.99,0.92,0.07,0.14,0.27,0.97,6.648984550024776
38,33,21,43,13,1.65,2.06,2.1,0.99,856,2330,31.9,0.86,6.73,637,0.98,0.73,0.72,1.69,3.14,0.97,8.754318540250866
38,33,21,43,13,1.65,2.06,2.1,5.32,1062,2584,19.8,0.46,6.7,359,0.76,0.39,2.08,6.11,10.28,0.97,8.81744592104187
38,33,21,43,13,1.65,2.06,2.1,1.07,804,2381,30.6,0.78,6.0,575,0.99,0.68,0.73,1.78,3.24,0.97,9.947265174882016
67,51,40,50,30,2.91,3.19,3.0,9.18,1034,2503,22.8,0.34,8.02,452,0.84,0.56,5.1,12.82,23.02,0.95,10.652684198947096
50,30,16,15,23,2.17,1.88,1.6,9.66,991,2582,15.1,0.32,6.86,349,0.59,0.39,3.81,9.49,17.12,0.97,9.206834232646894
77,54,31,35,15,2.96,3.18,2.82,4.54,1163,2728,18.9,0.55,5.59,617,0.99,0.85,3.86,8.34,16.05,0.97,10.95481604189735
77,54,31,35,15,2.96,3.18,2.82,6.1,1170,2755,14.1,0.47,5.66,448,0.93,0.56,3.43,9.09,15.94,0.97,8.816556768641856
34,19,11,13,6,1.31,1.12,1.0,10.77,1215,2696,17.6,0.37,5.11,273,0.6,0.38,4.07,10.57,18.71,0.97,8.193676665955241
77,54,31,35,15,2.96,3.18,2.82,1.92,855,2901,17.0,0.62,4.98,376,0.88,0.42,0.8,2.49,4.09,0.97,10.451580058894049
33,16,14,24,5,1.12,0.81,1.02,1.14,389,593,32.7,0.37,5.94,114,0.73,0.61,0.69,1.51,2.89,0.05,10.498277415479205
33,16,14,24,5,1.12,0.81,0.95,0.72,496,627,36.2,0.58,6.24,209,1.0,0.99,0.71,1.44,2.87,0.05,10.004101822568721
33,16,14,24,5,1.12,0.81,1.02,1.2,529,662,34.6,0.48,6.52,187,0.92,0.86,1.03,2.12,4.18,0.05,10.322230781590136
33,16,14,24,5,1.12,0.81,1.02,2.69,634,615,33.8,0.39,6.49,71,0.1,0.07,0.19,0.45,0.83,0.05,11.08651757984214
24,18,13,-9999,-9999,0.96,1.06,1.08,0.26,696,892,30.0,1.38,6.17,675,1.0,0.83,0.21,0.47,0.89,0.34,9.714866193593645
124,72,41,45,35,2.82,2.4,2.28,0.55,346,2485,22.1,0.47,6.14,370,0.98,0.79,0.43,0.97,1.84,2.08,7.155396301896734
124,72,41,45,35,2.82,2.4,2.28,0.12,322,2605,28.6,0.92,7.36,254,0.78,0.52,0.06,0.16,0.29,2.08,8.000014093678072
110,76,45,54,27,2.5,2.53,2.5,0.04,88,2556,11.1,0.45,6.48,255,1.0,0.8,0.03,0.07,0.13,1.98,3.044522437723423
110,76,45,54,27,2.5,2.53,2.5,0.16,170,2677,17.0,0.43,5.0,335,0.92,0.75,0.12,0.26,0.5,1.98,4.61512051684126
44,30,21,27,1,1.58,1.61,1.47,0.92,630,811,31.3,0.66,7.05,156,0.69,0.37,0.34,0.97,1.65,0.45,9.481130576757746
27,23,19,75,3,0.78,1.02,1.1,0.1,139,781,30.0,0.45,6.7,215,0.99,0.61,0.06,0.16,0.27,0.4,6.833031732786201
19,10,7,17,3,0.56,0.43,0.44,1.49,734,997,34.0,0.6,6.17,176,0.93,0.59,0.89,2.28,4.05,0.4,9.18512512283512
52,36,23,82,3,1.53,1.58,1.36,1.49,734,997,34.0,0.6,6.17,176,0.93,0.59,0.89,2.28,4.05,0.45,9.210440366976517
45,31,21,30,1,1.24,1.3,1.18,2.12,853,1140,34.3,0.59,6.62,154,0.91,0.55,1.16,3.1,5.42,0.45,11.31808993399591
19,10,7,17,3,0.55,0.42,0.44,0.02,98,685,30.6,0.66,1.37,130,1.0,0.54,0.01,0.03,0.06,0.4,5.147494476813453
52,36,23,82,3,1.49,1.52,1.36,0.02,98,685,30.6,0.66,1.37,130,1.0,0.54,0.01,0.03,0.06,0.45,6.008813185442595
19,17,13,56,2,0.54,0.71,0.76,0.11,251,770,36.0,0.76,5.75,145,0.96,0.49,0.05,0.16,0.27,0.4,7.3783837129967145
19,17,13,56,2,0.54,0.71,0.76,0.11,251,770,36.0,0.76,5.75,145,0.96,0.49,0.05,0.16,0.27,0.45,7.9676267393338165
20,18,14,59,2,0.54,0.72,0.76,0.02,115,774,37.9,0.87,4.68,167,1.0,0.46,0.01,0.03,0.04,0.4,8.071218539969863
15,12,10,25,3,0.4,0.49,0.57,0.02,115,774,37.9,0.87,4.68,167,1.0,0.46,0.01,0.03,0.04,0.62,4.330733340286331
16,8,4,4,3,0.43,0.34,0.24,0.04,151,828,39.8,0.77,3.93,120,0.96,0.28,0.01,0.05,0.07,0.21,5.707110264748875
14,9,7,89,2,0.37,0.38,0.41,0.04,151,828,39.8,0.77,3.93,120,0.96,0.28,0.01,0.05,0.07,0.29,5.170483995038151
22,20,16,65,2,0.61,0.81,0.87,0.04,151,828,39.8,0.77,3.93,120,0.96,0.28,0.01,0.05,0.07,0.4,7.411556287811163
37,26,18,27,1,1.01,1.04,0.99,0.04,151,828,39.8,0.77,3.93,120,0.96,0.28,0.01,0.05,0.07,0.45,7.438971592395862
32,29,23,89,3,0.88,1.16,1.27,0.55,577,1023,37.7,0.78,6.07,137,0.92,0.62,0.34,0.84,1.52,0.4,9.367429587218957
13,7,4,4,1,0.35,0.28,0.21,0.34,564,1002,36.4,0.97,5.83,108,0.96,0.46,0.16,0.48,0.8,0.21,6.918695219020472
32,29,23,91,3,0.85,1.13,1.22,0.34,564,1002,36.4,0.97,5.83,108,0.96,0.46,0.16,0.48,0.8,0.4,8.553525120663627
42,28,19,30,1,1.1,1.09,1.02,0.34,564,1002,36.4,0.97,5.83,108,0.96,0.46,0.16,0.48,0.8,0.45,8.712595487748722
16,9,5,5,1,0.43,0.36,0.3,0.59,447,760,31.7,0.58,6.58,184,0.9,0.65,0.38,0.91,1.67,0.21,8.897819009510757
17,10,6,6,3,0.47,0.4,0.32,3.8,948,1047,33.6,0.49,6.36,182,0.83,0.62,2.35,5.51,10.22,0.21,9.289428778295147
55,36,23,30,1,1.56,1.49,1.3,3.8,948,1047,33.6,0.49,6.36,182,0.83,0.62,2.35,5.51,10.22,0.45,11.427378469795439
23,15,11,11,3,0.63,0.62,0.64,0.83,548,974,37.7,0.6,5.51,239,0.98,0.7,0.58,1.4,2.56,0.21,9.127067452782361
13,11,9,101,2,0.35,0.46,0.52,0.83,548,974,37.7,0.6,5.51,239,0.98,0.7,0.58,1.4,2.56,0.29,7.170888478512505
20,15,12,59,2,0.53,0.59,0.66,0.83,548,974,37.7,0.6,5.51,239,0.98,0.7,0.58,1.4,2.56,0.4,9.503084610020228
63,37,24,27,1,1.71,1.47,1.34,0.83,548,974,37.7,0.6,5.51,239,0.98,0.7,0.58,1.4,2.56,0.45,9.503084610020228
23,15,12,12,3,0.64,0.65,0.65,0.59,344,741,31.1,0.45,7.07,180,0.83,0.59,0.35,0.83,1.53,0.21,8.92399074475818
34,25,21,21,1,1.0,1.04,1.21,2.13,720,847,33.8,0.49,6.21,153,0.84,0.6,1.27,3.05,5.59,0.21,10.347724555144831
20,15,13,64,2,0.6,0.63,0.75,2.13,720,847,33.8,0.49,6.21,153,0.84,0.6,1.27,3.05,5.59,0.4,9.220389707829185
68,39,25,29,1,1.99,1.61,1.48,2.13,720,847,33.8,0.49,6.21,153,0.84,0.6,1.27,3.05,5.59,0.45,11.029358264975064
36,27,23,23,3,1.07,1.17,1.33,0.41,394,763,36.2,0.62,5.57,99,0.85,0.41,0.17,0.52,0.86,0.21,8.200562797008564
20,13,10,113,2,0.6,0.57,0.6,0.41,394,763,36.2,0.62,5.57,99,0.85,0.41,0.17,0.52,0.86,0.29,7.521859252201629
21,17,15,73,3,0.62,0.74,0.86,0.41,394,763,36.2,0.62,5.57,99,0.85,0.41,0.17,0.52,0.86,0.4,6.828712071641684
71,40,26,31,1,2.09,1.72,1.5,0.41,394,763,36.2,0.62,5.57,99,0.85,0.41,0.17,0.52,0.86,0.45,9.823848929875911
21,17,15,74,3,0.62,0.74,0.86,0.49,410,731,34.8,0.59,6.32,96,0.9,0.5,0.25,0.69,1.18,0.4,7.4067107301776405
72,40,26,32,1,2.13,1.74,1.51,0.49,410,731,34.8,0.59,6.32,96,0.9,0.5,0.25,0.69,1.18,0.45,10.25969238599024
21,13,10,115,2,0.6,0.58,0.62,0.06,217,688,37.3,0.9,5.99,112,0.85,0.44,0.03,0.07,0.12,0.29,6.839476438228843
22,18,15,74,3,0.64,0.76,0.88,0.06,217,688,37.3,0.9,5.99,112,0.85,0.44,0.03,0.07,0.12,0.4,6.874198495453294
70,40,26,31,1,2.06,1.73,1.5,0.06,217,688,37.3,0.9,5.99,112,0.85,0.44,0.03,0.07,0.12,0.45,7.6093665379542115
14,14,11,117,2,0.4,0.59,0.62,0.1,250,698,34.1,0.78,5.53,129,0.82,0.58,0.06,0.14,0.26,0.29,6.309918278226516
22,18,15,75,3,0.64,0.77,0.89,0.1,250,698,34.1,0.78,5.53,129,0.82,0.58,0.06,0.14,0.26,0.4,7.001245622069476
71,40,26,32,1,2.1,1.74,1.52,0.1,250,698,34.1,0.78,5.53,129,0.82,0.58,0.06,0.14,0.26,0.45,8.521981708148035
14,14,11,120,2,0.41,0.61,0.68,0.43,411,777,38.0,0.62,5.55,112,0.92,0.58,0.25,0.65,1.15,0.29,5.910796644040527
22,18,16,77,3,0.68,0.8,0.99,0.43,411,777,38.0,0.62,5.55,112,0.92,0.58,0.25,0.65,1.15,0.4,8.305236829492593
72,40,26,33,1,2.18,1.75,1.62,0.43,411,777,38.0,0.62,5.55,112,0.92,0.58,0.25,0.65,1.15,0.45,10.276532769388181
52,31,16,16,21,1.04,0.94,0.76,0.3,327,2453,23.9,0.6,7.36,587,1.0,0.84,0.25,0.55,1.05,0.12,5.017279836814924
53,36,20,20,27,1.06,1.09,0.95,0.3,341,2427,22.8,0.62,8.0,528,0.99,0.74,0.22,0.52,0.96,0.12,4.2626798770413155
35,14,7,9,19,0.71,0.42,0.33,0.43,348,2427,23.2,0.53,8.68,532,0.99,0.8,0.35,0.78,1.47,0.13,3.258096538021482
84,72,45,44,43,1.71,2.18,2.14,0.43,348,2427,23.2,0.53,8.68,532,0.99,0.8,0.35,0.78,1.47,0.26,4.61512051684126
78,45,28,50,7,2.23,1.73,1.33,12.3,1043,659,29.4,0.3,6.28,364,0.86,0.72,8.91,19.46,37.28,0.1,12.35017731849889
73,40,24,35,7,2.61,1.82,1.5,0.59,480,327,26.8,0.63,6.56,294,0.89,0.41,0.24,0.76,1.24,0.1,9.210440366976517
73,40,24,35,7,2.61,1.82,1.5,7.86,982,666,32.4,0.35,6.24,424,0.98,0.83,6.54,14.24,27.32,0.1,12.601490784782536
86,53,34,54,9,2.39,2.04,1.7,1.68,739,521,33.3,0.57,6.33,344,0.98,0.81,1.36,3.01,5.74,0.1,10.62135173563291
86,53,34,54,9,2.39,2.04,1.7,5.21,931,631,33.3,0.41,5.98,340,0.91,0.69,3.58,8.34,15.5,0.1,11.51293546492023
63,54,39,42,28,1.13,1.46,1.7,0.73,242,2665,17.5,0.28,3.35,437,0.98,0.69,0.51,1.23,2.24,0.12,8.922791623969637
109,74,49,120,25,2.32,2.39,2.58,0.17,368,914,23.7,0.9,6.16,283,0.99,0.3,0.05,0.21,0.31,0.29,6.90875477931522
109,74,49,120,25,2.32,2.39,2.58,0.24,493,1025,35.5,1.0,7.3,135,0.51,0.02,0.01,0.13,0.14,0.29,7.00397413672268
109,74,49,120,25,2.32,2.39,2.58,0.03,287,844,44.6,1.79,6.59,6,0.03,0.0,0.0,0.0,0.0,0.29,5.484796933490655
109,74,49,120,25,2.32,2.39,2.58,0.07,356,922,25.5,1.37,4.78,108,0.18,0.0,0.0,0.01,0.01,0.29,4.394449154672439
109,74,49,120,25,2.32,2.39,2.58,0.02,259,790,47.0,2.07,5.13,42,0.23,0.0,0.0,0.0,0.0,0.29,4.2626798770413155
109,74,49,120,25,2.32,2.39,2.58,0.01,284,782,37.2,2.84,0.0,14,0.52,0.0,0.0,0.01,0.01,0.29,3.4339872044851463
109,74,49,120,25,2.32,2.39,2.58,0.05,333,887,32.0,1.54,9.15,51,0.24,0.0,0.0,0.01,0.01,0.29,3.713572066704308
109,74,49,120,25,2.32,2.39,2.58,0.02,261,773,41.1,1.75,1.44,108,0.77,0.0,0.0,0.02,0.02,0.29,4.61512051684126
109,74,49,120,25,2.32,2.39,2.58,0.01,303,806,41.8,2.86,2.68,91,0.43,0.0,0.0,0.0,0.0,0.29,3.713572066704308
109,74,49,120,25,2.32,2.39,2.58,0.02,244,741,33.0,1.62,4.46,147,0.92,0.0,0.0,0.02,0.02,0.29,4.51085950651685
111,82,49,115,23,2.36,2.65,2.58,0.31,497,959,31.8,0.89,5.64,321,1.0,0.32,0.1,0.41,0.61,0.29,7.0909098220799835
